{
    "influencesPerVertex":2,
    "skinWeights":[],
    "vertices":[-3.76897,-2.60362,9.24568,-3.76897,-0.603621,9.24568,-3.76897,-2.60362,7.24568,-3.76897,-0.603621,7.24568,-1.76897,-2.60362,9.24568,-1.76897,-0.603621,9.24568,-1.76897,-2.60362,7.24568,-1.76897,-0.603621,7.24568],
    "normals":[-1,0,0,-0,0,-1,1,0,0,0,0,1,0,-1,0,0,1,-2.98023e-08],
    "skinIndices":[],
    "metadata":{
        "type":"Geometry",
        "vertices":8,
        "normals":6,
        "uvs":0,
        "generator":"io_three",
        "morphTargets":0,
        "version":3,
        "faces":6
    },
    "uvs":[],
    "morphTargets":[],
    "faces":[33,0,1,3,2,0,0,0,0,33,2,3,7,6,1,1,1,1,33,6,7,5,4,2,2,2,2,33,1,0,4,5,3,3,3,3,33,4,0,2,6,4,4,4,4,33,7,3,1,5,5,5,5,5]
}